link,precio,lugar
/es/es/exposes/0b17853c-95d9-5a95-933c-1ada85765266,735000,"Moncloa - Aravaca, Madrid, Comunidad de Madrid, España"
/es/es/exposes/10946f19-21e2-5d52-bcc7-126d1aa1b47c,2675000,"Santañy, Islas Baleares, España"
/es/es/exposes/7eb16a0a-2ff1-5504-b044-9cb4ccee7c56,41000000,"Andratx, Islas Baleares, España"
/es/es/exposes/c2ec6d42-c1ab-5c84-994d-d36edc9d2621,990000,"El Camp d'en Serralta, Palma, Islas Baleares, España"
/es/es/exposes/5044c254-5889-5c71-a2fc-3ed1d4f88866,480000,"Rocafort, Comunidad Valenciana, España"
/es/es/exposes/5044c254-5889-5c71-a2fc-3ed1d4f88866,480000,"Rocafort, Comunidad Valenciana, España"
/es/es/exposes/a565197d-04da-5ae2-ab3f-4e9fb4a4f62f,1695000,"Las Rozas de Madrid, Comunidad de Madrid, España"
/es/es/exposes/98e3f670-35db-50b9-b634-e634cf58bd96,895000,"Sant Martí, Barcelona, Cataluña, España"
/es/es/exposes/b7ea071c-18e3-5850-aaf7-37248740d45f,3320000,"Dos Hermanas, Andalucía, España"
/es/es/exposes/c9296a26-d7e3-53f9-8b8e-5908f7a452aa,751000,"Distrito de Sarrià-Sant Gervasi, Barcelona, Cataluña, España"
/es/es/exposes/22e3102a-fa16-54eb-a5f9-26b98993d263,850000,"Ciutat Vella, Barcelona, Cataluña, España"
/es/es/exposes/6f9fc10f-122f-51bf-b854-0847f6c6fe13,419000,"Cambrils, Cataluña, España"
/es/es/exposes/c2a075cd-2331-52be-9f72-9ebb001624fc,600000,"Valencina de la Concepción, Andalucía, España"
/es/es/exposes/84f7cc9e-53cc-544b-aef3-d7739602f3fb,1750000,"Distrito de Sarrià-Sant Gervasi, Barcelona, Cataluña, España"
/es/es/exposes/54f895c5-9103-57a2-9ab7-44c6f1bbc23f,357750,"Cunit, Cataluña, España"
/es/es/exposes/769aad6c-58d2-5df1-99de-633f15093aa5,219900,"La Orotava, Canarias, España"
/es/es/exposes/c4f58898-b6ee-59ba-b38d-c5a1d954b3aa,725000,"La Garriga, Cataluña, España"
/es/es/exposes/bf4fa210-46c3-52c2-ba13-386c01016f8a,580000,"Badalona, Cataluña, España"
/es/es/exposes/a4919722-1913-57dc-b5bb-fe58e49732c3,338000,"Ciutat Vella, Barcelona, Cataluña, España"
/es/es/exposes/0b617f60-442c-5ad1-82bb-20ecfd5cedc8,750000,"Intxaurrondo, San Sebastián, País Vasco, España"
/es/es/exposes/b7243691-7aad-5a51-a578-4952b13a9bcb,198000,"Jerez de la Frontera, Andalucía, España"
/es/es/exposes/917e9c6f-8bd5-5dbb-9d30-77013d99a758,1295000,"Valldoreix, Cataluña, España"
/es/es/exposes/83516033-4bbd-565f-a346-b52c866a49eb,3199000,"Salamanca, Madrid, Comunidad de Madrid, España"
/es/es/exposes/d0796fd7-947b-5dc2-9194-c38c6685c9bc,850000,"San Luis, Islas Baleares, España"
/es/es/exposes/6f6246f9-97aa-5095-be82-a9e51503c41f,425000,"Polop de la Marina, Comunidad Valenciana, España"
/es/es/exposes/38766b84-05c9-5461-89c6-c5cf9ac1610a,620000,"Valdemorillo, Comunidad de Madrid, España"
/es/es/exposes/12bda6fc-88af-5cec-8dea-23b9365de9f5,3480000,"Santañy, Islas Baleares, España"
/es/es/exposes/01ec7e33-af26-53e4-aa0a-caa448f52ac3,799000,"Tetuán, Madrid, Comunidad de Madrid, España"
/es/es/exposes/46470d92-f6cd-5aaf-88fb-a6cf9410c549,1100000,"Aldeamayor de San Martín, Castilla y León, España"
/es/es/exposes/6bd98fdf-afac-5ad3-9e52-6646e226b474,695000,"Calonge i Sant Antoni, Cataluña, España"
/es/es/exposes/a37fae0b-b817-5558-8d79-721bf7835ee5,450000,"Pinar de Antequera, Castilla y León, España"
/es/es/exposes/c8a3e00a-5d30-5a20-aeb0-9af7683992b3,2200000,"Centro, Madrid, Comunidad de Madrid, España"
/es/es/exposes/1069cec7-5869-523a-a734-9d4ccf27e69d,833500,"Valladolid, Castilla y León, España"
/es/es/exposes/725a32bd-58b7-5078-befc-e00d72cfa148,299000,"Valladolid, Castilla y León, España"
/es/es/exposes/d10661c6-cb05-51ef-a6f2-82abfff08e68,750000,"Bueu, Galicia, España"
/es/es/exposes/6806ff0d-780f-50ae-8560-411e345e456c,190000,"Fuensaldaña, Castilla y León, España"
/es/es/exposes/0b17853c-95d9-5a95-933c-1ada85765266,735000,"Moncloa - Aravaca, Madrid, Comunidad de Madrid, España"
/es/es/exposes/10946f19-21e2-5d52-bcc7-126d1aa1b47c,2675000,"Santañy, Islas Baleares, España"
/es/es/exposes/7eb16a0a-2ff1-5504-b044-9cb4ccee7c56,41000000,"Andratx, Islas Baleares, España"
/es/es/exposes/c2ec6d42-c1ab-5c84-994d-d36edc9d2621,990000,"El Camp d'en Serralta, Palma, Islas Baleares, España"
/es/es/exposes/5044c254-5889-5c71-a2fc-3ed1d4f88866,480000,"Rocafort, Comunidad Valenciana, España"
/es/es/exposes/5044c254-5889-5c71-a2fc-3ed1d4f88866,480000,"Rocafort, Comunidad Valenciana, España"
/es/es/exposes/a565197d-04da-5ae2-ab3f-4e9fb4a4f62f,1695000,"Las Rozas de Madrid, Comunidad de Madrid, España"
/es/es/exposes/98e3f670-35db-50b9-b634-e634cf58bd96,895000,"Sant Martí, Barcelona, Cataluña, España"
/es/es/exposes/b7ea071c-18e3-5850-aaf7-37248740d45f,3320000,"Dos Hermanas, Andalucía, España"
/es/es/exposes/c9296a26-d7e3-53f9-8b8e-5908f7a452aa,751000,"Distrito de Sarrià-Sant Gervasi, Barcelona, Cataluña, España"
/es/es/exposes/22e3102a-fa16-54eb-a5f9-26b98993d263,850000,"Ciutat Vella, Barcelona, Cataluña, España"
/es/es/exposes/6f9fc10f-122f-51bf-b854-0847f6c6fe13,419000,"Cambrils, Cataluña, España"
/es/es/exposes/c2a075cd-2331-52be-9f72-9ebb001624fc,600000,"Valencina de la Concepción, Andalucía, España"
/es/es/exposes/84f7cc9e-53cc-544b-aef3-d7739602f3fb,1750000,"Distrito de Sarrià-Sant Gervasi, Barcelona, Cataluña, España"
/es/es/exposes/54f895c5-9103-57a2-9ab7-44c6f1bbc23f,357750,"Cunit, Cataluña, España"
/es/es/exposes/769aad6c-58d2-5df1-99de-633f15093aa5,219900,"La Orotava, Canarias, España"
/es/es/exposes/c4f58898-b6ee-59ba-b38d-c5a1d954b3aa,725000,"La Garriga, Cataluña, España"
/es/es/exposes/bf4fa210-46c3-52c2-ba13-386c01016f8a,580000,"Badalona, Cataluña, España"
/es/es/exposes/a4919722-1913-57dc-b5bb-fe58e49732c3,338000,"Ciutat Vella, Barcelona, Cataluña, España"
/es/es/exposes/0b617f60-442c-5ad1-82bb-20ecfd5cedc8,750000,"Intxaurrondo, San Sebastián, País Vasco, España"
/es/es/exposes/b7243691-7aad-5a51-a578-4952b13a9bcb,198000,"Jerez de la Frontera, Andalucía, España"
/es/es/exposes/917e9c6f-8bd5-5dbb-9d30-77013d99a758,1295000,"Valldoreix, Cataluña, España"
/es/es/exposes/83516033-4bbd-565f-a346-b52c866a49eb,3199000,"Salamanca, Madrid, Comunidad de Madrid, España"
/es/es/exposes/d0796fd7-947b-5dc2-9194-c38c6685c9bc,850000,"San Luis, Islas Baleares, España"
/es/es/exposes/6f6246f9-97aa-5095-be82-a9e51503c41f,425000,"Polop de la Marina, Comunidad Valenciana, España"
/es/es/exposes/38766b84-05c9-5461-89c6-c5cf9ac1610a,620000,"Valdemorillo, Comunidad de Madrid, España"
/es/es/exposes/12bda6fc-88af-5cec-8dea-23b9365de9f5,3480000,"Santañy, Islas Baleares, España"
/es/es/exposes/01ec7e33-af26-53e4-aa0a-caa448f52ac3,799000,"Tetuán, Madrid, Comunidad de Madrid, España"
/es/es/exposes/46470d92-f6cd-5aaf-88fb-a6cf9410c549,1100000,"Aldeamayor de San Martín, Castilla y León, España"
/es/es/exposes/6bd98fdf-afac-5ad3-9e52-6646e226b474,695000,"Calonge i Sant Antoni, Cataluña, España"
/es/es/exposes/a37fae0b-b817-5558-8d79-721bf7835ee5,450000,"Pinar de Antequera, Castilla y León, España"
/es/es/exposes/c8a3e00a-5d30-5a20-aeb0-9af7683992b3,2200000,"Centro, Madrid, Comunidad de Madrid, España"
/es/es/exposes/1069cec7-5869-523a-a734-9d4ccf27e69d,833500,"Valladolid, Castilla y León, España"
/es/es/exposes/725a32bd-58b7-5078-befc-e00d72cfa148,299000,"Valladolid, Castilla y León, España"
/es/es/exposes/d10661c6-cb05-51ef-a6f2-82abfff08e68,750000,"Bueu, Galicia, España"
/es/es/exposes/6806ff0d-780f-50ae-8560-411e345e456c,190000,"Fuensaldaña, Castilla y León, España"
